-- ============================================================
-- Gymnastats - Seed Data
-- Source: Blizzard Invite - NGC (Jan 31, 2015)
-- Imported from Scorekeeper_Upper and Scorekeeper_Lower Excel files
-- ============================================================

-- NOTE: Run 001_initial_schema.sql first

-- ============================================================
-- ASSOCIATION
-- ============================================================
-- Already seeded in schema: MAGA with id reference below
-- We use a variable approach with CTEs for readability

-- ============================================================
-- SEASON
-- ============================================================
insert into seasons (id, association_id, name, start_date, end_date, state_meet_min_qualifiers, is_active)
values (
  '11111111-0000-0000-0000-000000000001',
  (select id from associations where abbreviation = 'MAGA'),
  '2014-2015',
  '2014-10-01',
  '2015-02-28',
  4,
  false
);

-- ============================================================
-- CLUBS
-- ============================================================
insert into clubs (id, association_id, name, city, state) values
  ('22222222-0001-0000-0000-000000000001', (select id from associations where abbreviation = 'MAGA'), 'Northfield Gymnastics', 'Northfield', 'MN'),
  ('22222222-0002-0000-0000-000000000001', (select id from associations where abbreviation = 'MAGA'), 'K&G Gymnastics', 'Minneapolis', 'MN'),
  ('22222222-0003-0000-0000-000000000001', (select id from associations where abbreviation = 'MAGA'), 'Jr. Bulldogs Gymnastics', 'Faribault', 'MN'),
  ('22222222-0004-0000-0000-000000000001', (select id from associations where abbreviation = 'MAGA'), 'Jaguars Gymnastics', 'Lakeville', 'MN'),
  ('22222222-0005-0000-0000-000000000001', (select id from associations where abbreviation = 'MAGA'), 'Mini-Jags Gymnastics', 'Lakeville', 'MN'),
  ('22222222-0006-0000-0000-000000000001', (select id from associations where abbreviation = 'MAGA'), 'NGC Gymnastics', 'Northfield', 'MN');

-- ============================================================
-- TEAMS
-- ============================================================
insert into teams (id, club_id, name, division_group) values
  -- Northfield teams (Upper division)
  ('33333333-0001-0000-0000-000000000001', '22222222-0001-0000-0000-000000000001', 'Northfield Blue', 'Upper'),
  ('33333333-0002-0000-0000-000000000001', '22222222-0001-0000-0000-000000000001', 'Northfield Silver', 'Upper'),
  ('33333333-0003-0000-0000-000000000001', '22222222-0001-0000-0000-000000000001', 'Northfield Black', 'Lower'),
  ('33333333-0004-0000-0000-000000000001', '22222222-0001-0000-0000-000000000001', 'Northfield Individuals', 'Lower'),
  -- K&G teams (Upper division)
  ('33333333-0005-0000-0000-000000000001', '22222222-0002-0000-0000-000000000001', 'K&G Crystal Blitz', 'Upper'),
  ('33333333-0006-0000-0000-000000000001', '22222222-0002-0000-0000-000000000001', 'K&G Silver Blitz', 'Upper'),
  -- Jr. Bulldogs (Lower division)
  ('33333333-0007-0000-0000-000000000001', '22222222-0003-0000-0000-000000000001', 'Jr. Bulldogs Team #1', 'Lower'),
  ('33333333-0008-0000-0000-000000000001', '22222222-0003-0000-0000-000000000001', 'Jr. Bulldogs Team #2', 'Lower'),
  -- Jaguars (Lower division)
  ('33333333-0009-0000-0000-000000000001', '22222222-0004-0000-0000-000000000001', 'Jaguars', 'Lower'),
  -- Mini-Jags (Lower division)
  ('33333333-0010-0000-0000-000000000001', '22222222-0005-0000-0000-000000000001', 'Mini-Jags', 'Lower');

-- ============================================================
-- GYMNASTS - UPPER DIVISION (from Scorekeeper_Upper)
-- ============================================================

-- Northfield Blue gymnasts
insert into gymnasts (id, first_name, last_name, current_club_id, current_team_id, age_group) values
  ('aaaa0001-0000-0000-0000-000000000001', 'Kayta',   'Black',     '22222222-0001-0000-0000-000000000001', '33333333-0001-0000-0000-000000000001', 'Children'),
  ('aaaa0002-0000-0000-0000-000000000001', 'Adison',  'Dack',      '22222222-0001-0000-0000-000000000001', '33333333-0001-0000-0000-000000000001', 'Children'),
  ('aaaa0003-0000-0000-0000-000000000001', 'Alli',    'Graff',     '22222222-0001-0000-0000-000000000001', '33333333-0001-0000-0000-000000000001', 'Children'),
  ('aaaa0004-0000-0000-0000-000000000001', 'Jolee',   'Harris',    '22222222-0001-0000-0000-000000000001', '33333333-0001-0000-0000-000000000001', 'Children'),
  ('aaaa0005-0000-0000-0000-000000000001', 'Olivia',  'Hubers',    '22222222-0001-0000-0000-000000000001', '33333333-0001-0000-0000-000000000001', 'Children'),
  ('aaaa0006-0000-0000-0000-000000000001', 'Julia',   'Johnson',   '22222222-0001-0000-0000-000000000001', '33333333-0001-0000-0000-000000000001', 'Children'),
  ('aaaa0007-0000-0000-0000-000000000001', 'Alex',    'Jackson',   '22222222-0001-0000-0000-000000000001', '33333333-0001-0000-0000-000000000001', 'Junior'),
  ('aaaa0008-0000-0000-0000-000000000001', 'Ellie',   'Stodden',   '22222222-0001-0000-0000-000000000001', '33333333-0002-0000-0000-000000000001', 'Junior'),
  ('aaaa0009-0000-0000-0000-000000000001', 'Breck',   'Bergin',    '22222222-0001-0000-0000-000000000001', '33333333-0002-0000-0000-000000000001', 'Junior'),
  ('aaaa0010-0000-0000-0000-000000000001', 'Hannah',  'Ringlien',  '22222222-0001-0000-0000-000000000001', '33333333-0002-0000-0000-000000000001', 'Junior'),
  ('aaaa0011-0000-0000-0000-000000000001', 'Cami',    'Stokes',    '22222222-0001-0000-0000-000000000001', '33333333-0002-0000-0000-000000000001', 'Junior'),
  ('aaaa0012-0000-0000-0000-000000000001', 'Hannah',  'Goerdt',    '22222222-0001-0000-0000-000000000001', '33333333-0002-0000-0000-000000000001', 'Junior'),
  ('aaaa0013-0000-0000-0000-000000000001', 'Hannah',  'Jackson',   '22222222-0001-0000-0000-000000000001', '33333333-0002-0000-0000-000000000001', 'Junior'),
  ('aaaa0014-0000-0000-0000-000000000001', 'Saundra', 'Stodden',   '22222222-0001-0000-0000-000000000001', '33333333-0002-0000-0000-000000000001', 'Junior'),
  ('aaaa0015-0000-0000-0000-000000000001', 'Tori',    'Kilanowski','22222222-0001-0000-0000-000000000001', '33333333-0002-0000-0000-000000000001', 'Children');

-- K&G gymnasts
insert into gymnasts (id, first_name, last_name, current_club_id, current_team_id, age_group) values
  ('bbbb0001-0000-0000-0000-000000000001', 'Eva',     'Young',     '22222222-0002-0000-0000-000000000001', '33333333-0005-0000-0000-000000000001', 'Novice'),
  ('bbbb0002-0000-0000-0000-000000000001', 'Ella',    'Olson',     '22222222-0002-0000-0000-000000000001', '33333333-0005-0000-0000-000000000001', 'Novice'),
  ('bbbb0003-0000-0000-0000-000000000001', 'Laura',   'Klatt',     '22222222-0002-0000-0000-000000000001', '33333333-0005-0000-0000-000000000001', 'Novice'),
  ('bbbb0004-0000-0000-0000-000000000001', 'Brooke',  'Rigdon',    '22222222-0002-0000-0000-000000000001', '33333333-0005-0000-0000-000000000001', 'Novice'),
  ('bbbb0005-0000-0000-0000-000000000001', 'Emma',    'Sweere',    '22222222-0002-0000-0000-000000000001', '33333333-0005-0000-0000-000000000001', 'Novice'),
  ('bbbb0006-0000-0000-0000-000000000001', 'Jasmine', 'Seiwert',   '22222222-0002-0000-0000-000000000001', '33333333-0005-0000-0000-000000000001', 'Children'),
  ('bbbb0007-0000-0000-0000-000000000001', 'Maura',   'Panahon',   '22222222-0002-0000-0000-000000000001', '33333333-0006-0000-0000-000000000001', 'Novice'),
  ('bbbb0008-0000-0000-0000-000000000001', 'Anna',    'Rudolf',    '22222222-0002-0000-0000-000000000001', '33333333-0006-0000-0000-000000000001', 'Children'),
  ('bbbb0009-0000-0000-0000-000000000001', 'Elie',    'Palesotti', '22222222-0002-0000-0000-000000000001', '33333333-0006-0000-0000-000000000001', 'Children');

-- ============================================================
-- GYMNASTS - LOWER DIVISION (from Scorekeeper_Lower)
-- ============================================================

-- Jr. Bulldogs gymnasts
insert into gymnasts (id, first_name, last_name, current_club_id, current_team_id, age_group) values
  ('cccc0001-0000-0000-0000-000000000001', 'Isabel',   'Campbell',   '22222222-0003-0000-0000-000000000001', '33333333-0007-0000-0000-000000000001', 'Junior'),
  ('cccc0002-0000-0000-0000-000000000001', 'Elie',     'Field',      '22222222-0003-0000-0000-000000000001', '33333333-0007-0000-0000-000000000001', 'Children'),
  ('cccc0003-0000-0000-0000-000000000001', 'Emily',    'Kern',       '22222222-0003-0000-0000-000000000001', '33333333-0007-0000-0000-000000000001', 'Children'),
  ('cccc0004-0000-0000-0000-000000000001', 'Tristen',  'Lamberson',  '22222222-0003-0000-0000-000000000001', '33333333-0007-0000-0000-000000000001', 'Novice'),
  ('cccc0005-0000-0000-0000-000000000001', 'Bekah',    'Walz',       '22222222-0003-0000-0000-000000000001', '33333333-0007-0000-0000-000000000001', 'Novice'),
  ('cccc0006-0000-0000-0000-000000000001', 'Vicki',    'Meyer',      '22222222-0003-0000-0000-000000000001', '33333333-0007-0000-0000-000000000001', 'Junior');

-- Jaguars gymnasts
insert into gymnasts (id, first_name, last_name, current_club_id, current_team_id, age_group) values
  ('dddd0001-0000-0000-0000-000000000001', 'Gracie',    'Roy',      '22222222-0004-0000-0000-000000000001', '33333333-0009-0000-0000-000000000001', 'Novice'),
  ('dddd0002-0000-0000-0000-000000000001', 'Ava',       'Bican',    '22222222-0004-0000-0000-000000000001', '33333333-0009-0000-0000-000000000001', 'Children'),
  ('dddd0003-0000-0000-0000-000000000001', 'Megan',     'Knase',    '22222222-0004-0000-0000-000000000001', '33333333-0009-0000-0000-000000000001', 'Children'),
  ('dddd0004-0000-0000-0000-000000000001', 'Izie',      'Johnson',  '22222222-0004-0000-0000-000000000001', '33333333-0009-0000-0000-000000000001', 'Children'),
  ('dddd0005-0000-0000-0000-000000000001', 'Sabrina',   'Neurock',  '22222222-0004-0000-0000-000000000001', '33333333-0009-0000-0000-000000000001', 'Junior'),
  ('dddd0006-0000-0000-0000-000000000001', 'Elisabeth', 'Joyce',    '22222222-0004-0000-0000-000000000001', '33333333-0009-0000-0000-000000000001', 'Junior'),
  ('dddd0007-0000-0000-0000-000000000001', 'Alyssa',    'Jahr',     '22222222-0004-0000-0000-000000000001', '33333333-0009-0000-0000-000000000001', 'Junior');

-- Northfield Black gymnasts (Lower)
insert into gymnasts (id, first_name, last_name, current_club_id, current_team_id, age_group) values
  ('eeee0001-0000-0000-0000-000000000001', 'Carly',    'Kimmes',    '22222222-0001-0000-0000-000000000001', '33333333-0003-0000-0000-000000000001', 'Novice'),
  ('eeee0002-0000-0000-0000-000000000001', 'Olivia',   'Smith',     '22222222-0001-0000-0000-000000000001', '33333333-0003-0000-0000-000000000001', 'Novice'),
  ('eeee0003-0000-0000-0000-000000000001', 'Lauren',   'McDonough', '22222222-0001-0000-0000-000000000001', '33333333-0003-0000-0000-000000000001', 'Children'),
  ('eeee0004-0000-0000-0000-000000000001', 'Laney',    'Tennessen', '22222222-0001-0000-0000-000000000001', '33333333-0003-0000-0000-000000000001', 'Children'),
  ('eeee0005-0000-0000-0000-000000000001', 'Marena',   'Hinz',      '22222222-0001-0000-0000-000000000001', '33333333-0003-0000-0000-000000000001', 'Children'),
  ('eeee0006-0000-0000-0000-000000000001', 'Kylie',    'Koktavy',   '22222222-0001-0000-0000-000000000001', '33333333-0003-0000-0000-000000000001', 'Children'),
  ('eeee0007-0000-0000-0000-000000000001', 'Brandi',   'Vigesaa',   '22222222-0001-0000-0000-000000000001', '33333333-0003-0000-0000-000000000001', 'Children'),
  ('eeee0008-0000-0000-0000-000000000001', 'Lexi',     'Boyd',      '22222222-0001-0000-0000-000000000001', '33333333-0003-0000-0000-000000000001', 'Junior'),
  ('eeee0009-0000-0000-0000-000000000001', 'Alexis',   'Schugle',   '22222222-0001-0000-0000-000000000001', '33333333-0004-0000-0000-000000000001', 'Junior');

-- Mini-Jags gymnasts
insert into gymnasts (id, first_name, last_name, current_club_id, current_team_id, age_group) values
  ('ffff0001-0000-0000-0000-000000000001', 'Emily',    'Robbins',  '22222222-0005-0000-0000-000000000001', '33333333-0010-0000-0000-000000000001', 'Novice'),
  ('ffff0002-0000-0000-0000-000000000001', 'Renee',    'Peacha',   '22222222-0005-0000-0000-000000000001', '33333333-0010-0000-0000-000000000001', 'Novice'),
  ('ffff0003-0000-0000-0000-000000000001', 'Jozanns',  'Madden',   '22222222-0005-0000-0000-000000000001', '33333333-0010-0000-0000-000000000001', 'Junior');

-- ============================================================
-- MEET: BLIZZARD INVITE - NGC, JAN 31 2015
-- ============================================================
insert into meets (id, season_id, host_club_id, name, meet_date, location, status, results_visibility)
values (
  '55555555-0001-0000-0000-000000000001',
  '11111111-0000-0000-0000-000000000001',
  '22222222-0006-0000-0000-000000000001',
  'Blizzard Invite - NGC',
  '2015-01-31',
  'Northfield, MN',
  'finalized',
  'after_finalized'
);

-- Meet teams
insert into meet_teams (meet_id, team_id, division_group) values
  ('55555555-0001-0000-0000-000000000001', '33333333-0001-0000-0000-000000000001', 'Upper'),
  ('55555555-0001-0000-0000-000000000001', '33333333-0002-0000-0000-000000000001', 'Upper'),
  ('55555555-0001-0000-0000-000000000001', '33333333-0005-0000-0000-000000000001', 'Upper'),
  ('55555555-0001-0000-0000-000000000001', '33333333-0006-0000-0000-000000000001', 'Upper'),
  ('55555555-0001-0000-0000-000000000001', '33333333-0003-0000-0000-000000000001', 'Lower'),
  ('55555555-0001-0000-0000-000000000001', '33333333-0004-0000-0000-000000000001', 'Lower'),
  ('55555555-0001-0000-0000-000000000001', '33333333-0007-0000-0000-000000000001', 'Lower'),
  ('55555555-0001-0000-0000-000000000001', '33333333-0009-0000-0000-000000000001', 'Lower'),
  ('55555555-0001-0000-0000-000000000001', '33333333-0010-0000-0000-000000000001', 'Lower');

-- ============================================================
-- SCORES - UPPER DIVISION (from INDIVIDUAL sheet)
-- ============================================================

insert into scores (meet_id, gymnast_id, team_id, age_group, division_group, vault, bars, beam, floor) values
  -- Northfield Blue - Children
  ('55555555-0001-0000-0000-000000000001', 'aaaa0001-0000-0000-0000-000000000001', '33333333-0001-0000-0000-000000000001', 'Children', 'Upper', 8.30, 5.70, 6.70, 6.70),
  ('55555555-0001-0000-0000-000000000001', 'aaaa0002-0000-0000-0000-000000000001', '33333333-0001-0000-0000-000000000001', 'Children', 'Upper', 7.50, 6.65, 8.15, 7.90),
  ('55555555-0001-0000-0000-000000000001', 'aaaa0003-0000-0000-0000-000000000001', '33333333-0001-0000-0000-000000000001', 'Children', 'Upper', 8.70, 7.20, 8.80, 7.95),
  ('55555555-0001-0000-0000-000000000001', 'aaaa0004-0000-0000-0000-000000000001', '33333333-0001-0000-0000-000000000001', 'Children', 'Upper', 7.90, 6.30, 7.35, 7.55),
  ('55555555-0001-0000-0000-000000000001', 'aaaa0005-0000-0000-0000-000000000001', '33333333-0001-0000-0000-000000000001', 'Children', 'Upper', 8.00, 6.20, 7.20, 7.35),
  ('55555555-0001-0000-0000-000000000001', 'aaaa0006-0000-0000-0000-000000000001', '33333333-0001-0000-0000-000000000001', 'Children', 'Upper', 7.40, 6.70, 6.90, 7.10),
  -- Northfield Blue - Junior
  ('55555555-0001-0000-0000-000000000001', 'aaaa0007-0000-0000-0000-000000000001', '33333333-0001-0000-0000-000000000001', 'Junior',   'Upper', 8.00, 6.10, 7.40, 7.10),
  -- Northfield Silver - Junior
  ('55555555-0001-0000-0000-000000000001', 'aaaa0008-0000-0000-0000-000000000001', '33333333-0002-0000-0000-000000000001', 'Junior',   'Upper', 9.20, 7.50, 7.40, 8.40),
  ('55555555-0001-0000-0000-000000000001', 'aaaa0009-0000-0000-0000-000000000001', '33333333-0002-0000-0000-000000000001', 'Junior',   'Upper', 8.90, 6.80, 7.20, 7.75),
  ('55555555-0001-0000-0000-000000000001', 'aaaa0010-0000-0000-0000-000000000001', '33333333-0002-0000-0000-000000000001', 'Junior',   'Upper', 8.30, 7.30, 7.40, 8.00),
  ('55555555-0001-0000-0000-000000000001', 'aaaa0011-0000-0000-0000-000000000001', '33333333-0002-0000-0000-000000000001', 'Junior',   'Upper', 8.10, 6.50, 7.50, 8.10),
  ('55555555-0001-0000-0000-000000000001', 'aaaa0012-0000-0000-0000-000000000001', '33333333-0002-0000-0000-000000000001', 'Junior',   'Upper', 8.00, 6.20, 7.40, 7.60),
  ('55555555-0001-0000-0000-000000000001', 'aaaa0013-0000-0000-0000-000000000001', '33333333-0002-0000-0000-000000000001', 'Junior',   'Upper', 8.25, 6.40, 7.00, 7.55),
  ('55555555-0001-0000-0000-000000000001', 'aaaa0014-0000-0000-0000-000000000001', '33333333-0002-0000-0000-000000000001', 'Junior',   'Upper', 7.85, 6.10, 7.00, 7.85),
  -- Northfield Silver - Children
  ('55555555-0001-0000-0000-000000000001', 'aaaa0015-0000-0000-0000-000000000001', '33333333-0002-0000-0000-000000000001', 'Children', 'Upper', 8.30, 6.10, 7.20, 7.00),
  -- K&G Crystal Blitz - Novice
  ('55555555-0001-0000-0000-000000000001', 'bbbb0001-0000-0000-0000-000000000001', '33333333-0005-0000-0000-000000000001', 'Novice',   'Upper', 7.65, 5.30, 6.90, 7.45),
  ('55555555-0001-0000-0000-000000000001', 'bbbb0002-0000-0000-0000-000000000001', '33333333-0005-0000-0000-000000000001', 'Novice',   'Upper', 7.60, 6.00, 6.80, 7.85),
  ('55555555-0001-0000-0000-000000000001', 'bbbb0003-0000-0000-0000-000000000001', '33333333-0005-0000-0000-000000000001', 'Novice',   'Upper', 7.50, 5.10, 6.80, 7.60),
  ('55555555-0001-0000-0000-000000000001', 'bbbb0004-0000-0000-0000-000000000001', '33333333-0005-0000-0000-000000000001', 'Novice',   'Upper', 7.40, 5.00, 6.10, 7.35),
  ('55555555-0001-0000-0000-000000000001', 'bbbb0005-0000-0000-0000-000000000001', '33333333-0005-0000-0000-000000000001', 'Novice',   'Upper', 7.20, 4.80, 5.90, 7.60),
  -- K&G Crystal - Children
  ('55555555-0001-0000-0000-000000000001', 'bbbb0006-0000-0000-0000-000000000001', '33333333-0005-0000-0000-000000000001', 'Children', 'Upper', 7.60, 5.90, 7.10, 7.80),
  -- K&G Silver - Novice
  ('55555555-0001-0000-0000-000000000001', 'bbbb0007-0000-0000-0000-000000000001', '33333333-0006-0000-0000-000000000001', 'Novice',   'Upper', 7.60, 3.20, 5.50, 8.00),
  -- K&G Silver - Children
  ('55555555-0001-0000-0000-000000000001', 'bbbb0008-0000-0000-0000-000000000001', '33333333-0006-0000-0000-000000000001', 'Children', 'Upper', 7.50, 6.40, 7.10, 7.80),
  ('55555555-0001-0000-0000-000000000001', 'bbbb0009-0000-0000-0000-000000000001', '33333333-0006-0000-0000-000000000001', 'Children', 'Upper', 7.20, 5.50, 7.70, 7.30);

-- ============================================================
-- SCORES - LOWER DIVISION (from Scorekeeper_Lower INDIVIDUAL sheet)
-- ============================================================

insert into scores (meet_id, gymnast_id, team_id, age_group, division_group, vault, bars, beam, floor) values
  -- Jr. Bulldogs #1
  ('55555555-0001-0000-0000-000000000001', 'cccc0001-0000-0000-0000-000000000001', '33333333-0007-0000-0000-000000000001', 'Junior',   'Lower', 7.20, 4.20, 5.30, 7.20),
  ('55555555-0001-0000-0000-000000000001', 'cccc0002-0000-0000-0000-000000000001', '33333333-0007-0000-0000-000000000001', 'Children', 'Lower', 6.50, 3.70, 5.95, 6.10),
  ('55555555-0001-0000-0000-000000000001', 'cccc0003-0000-0000-0000-000000000001', '33333333-0007-0000-0000-000000000001', 'Children', 'Lower', 6.60, 3.40, 5.00, 7.20),
  ('55555555-0001-0000-0000-000000000001', 'cccc0004-0000-0000-0000-000000000001', '33333333-0007-0000-0000-000000000001', 'Novice',   'Lower', 7.00, 2.80, 3.30, 4.00),
  ('55555555-0001-0000-0000-000000000001', 'cccc0005-0000-0000-0000-000000000001', '33333333-0007-0000-0000-000000000001', 'Novice',   'Lower', 7.40, 3.50, 4.80, 6.25),
  ('55555555-0001-0000-0000-000000000001', 'cccc0006-0000-0000-0000-000000000001', '33333333-0007-0000-0000-000000000001', 'Junior',   'Lower', 6.80, 3.90, 5.50, 6.80),
  -- Jaguars
  ('55555555-0001-0000-0000-000000000001', 'dddd0001-0000-0000-0000-000000000001', '33333333-0009-0000-0000-000000000001', 'Novice',   'Lower', 7.75, 5.00, 7.60, 7.40),
  ('55555555-0001-0000-0000-000000000001', 'dddd0002-0000-0000-0000-000000000001', '33333333-0009-0000-0000-000000000001', 'Children', 'Lower', 7.90, 4.50, 6.90, 7.50),
  ('55555555-0001-0000-0000-000000000001', 'dddd0003-0000-0000-0000-000000000001', '33333333-0009-0000-0000-000000000001', 'Children', 'Lower', 7.50, 5.00, 6.70, 6.90),
  ('55555555-0001-0000-0000-000000000001', 'dddd0004-0000-0000-0000-000000000001', '33333333-0009-0000-0000-000000000001', 'Children', 'Lower', 7.60, 5.20, 6.20, 7.50),
  ('55555555-0001-0000-0000-000000000001', 'dddd0005-0000-0000-0000-000000000001', '33333333-0009-0000-0000-000000000001', 'Junior',   'Lower', 8.15, 4.80, 6.10, 7.35),
  ('55555555-0001-0000-0000-000000000001', 'dddd0006-0000-0000-0000-000000000001', '33333333-0009-0000-0000-000000000001', 'Junior',   'Lower', 7.90, 5.10, 6.65, 7.70),
  ('55555555-0001-0000-0000-000000000001', 'dddd0007-0000-0000-0000-000000000001', '33333333-0009-0000-0000-000000000001', 'Junior',   'Lower', 7.50, 4.20, 5.80, 6.90),
  -- Northfield Black
  ('55555555-0001-0000-0000-000000000001', 'eeee0001-0000-0000-0000-000000000001', '33333333-0003-0000-0000-000000000001', 'Novice',   'Lower', 7.70, 5.20, 7.20, 7.20),
  ('55555555-0001-0000-0000-000000000001', 'eeee0002-0000-0000-0000-000000000001', '33333333-0003-0000-0000-000000000001', 'Novice',   'Lower', 7.60, 4.40, 5.50, 6.20),
  ('55555555-0001-0000-0000-000000000001', 'eeee0003-0000-0000-0000-000000000001', '33333333-0003-0000-0000-000000000001', 'Children', 'Lower', 8.05, 5.80, 6.55, 7.70),
  ('55555555-0001-0000-0000-000000000001', 'eeee0004-0000-0000-0000-000000000001', '33333333-0003-0000-0000-000000000001', 'Children', 'Lower', 8.00, 5.50, 6.30, 7.40),
  ('55555555-0001-0000-0000-000000000001', 'eeee0005-0000-0000-0000-000000000001', '33333333-0003-0000-0000-000000000001', 'Children', 'Lower', 7.90, 5.30, 6.10, 7.50),
  ('55555555-0001-0000-0000-000000000001', 'eeee0006-0000-0000-0000-000000000001', '33333333-0003-0000-0000-000000000001', 'Children', 'Lower', 7.90, 6.60, 6.80, 7.10),
  ('55555555-0001-0000-0000-000000000001', 'eeee0007-0000-0000-0000-000000000001', '33333333-0003-0000-0000-000000000001', 'Children', 'Lower', 7.40, 6.10, 5.90, 6.80),
  ('55555555-0001-0000-0000-000000000001', 'eeee0008-0000-0000-0000-000000000001', '33333333-0003-0000-0000-000000000001', 'Junior',   'Lower', 7.75, 4.50, 6.20, 7.35),
  -- Northfield Individuals
  ('55555555-0001-0000-0000-000000000001', 'eeee0009-0000-0000-0000-000000000001', '33333333-0004-0000-0000-000000000001', 'Junior',   'Lower', 8.10, 5.10, 7.45, 7.20),
  -- Mini-Jags
  ('55555555-0001-0000-0000-000000000001', 'ffff0001-0000-0000-0000-000000000001', '33333333-0010-0000-0000-000000000001', 'Novice',   'Lower', 7.30, 3.20, 5.90, 6.80),
  ('55555555-0001-0000-0000-000000000001', 'ffff0002-0000-0000-0000-000000000001', '33333333-0010-0000-0000-000000000001', 'Novice',   'Lower', 6.80, 3.20, 4.50, 6.10),
  ('55555555-0001-0000-0000-000000000001', 'ffff0003-0000-0000-0000-000000000001', '33333333-0010-0000-0000-000000000001', 'Junior',   'Lower', 7.40, 3.80, 6.80, 6.50);
